City_ID,City,Country,Lat,Lng,Max Temp,Humidity,Cloudiness,Wind Speed,Current Description
0,Albany,US,42.6001,-73.9662,64.81,29,59,5.01,broken clouds
1,Kaseda,JP,31.4167,130.3167,57.83,54,84,16.22,broken clouds
2,Sao Filipe,CV,14.8961,-24.4956,71.06,78,4,8.79,clear sky
3,Pangnirtung,CA,66.1451,-65.7125,-0.4,71,0,3.44,clear sky
4,Pout,SN,14.7739,-17.0603,67.98,94,40,12.66,scattered clouds
5,Salinas,US,36.6777,-121.6555,73.99,58,0,19.57,clear sky
6,Gimli,CA,50.6336,-96.9907,21.22,53,100,14.97,overcast clouds
7,Atuona,PF,-9.8,-139.0333,79.0,78,19,15.43,light rain
8,Muisne,EC,0.6,-80.0333,76.84,86,96,7.99,overcast clouds
9,Tura,IN,25.5198,90.2201,73.76,93,70,10.22,broken clouds
10,Vaini,TO,-21.2,-175.2,84.36,70,20,8.05,few clouds
11,Ulaangom,MN,49.9811,92.0667,31.95,40,5,1.01,clear sky
12,Ushuaia,AR,-54.8,-68.3,46.06,81,75,23.02,light rain
13,Cape Town,ZA,-33.9258,18.4232,59.11,66,0,21.85,clear sky
14,Naushki,RU,50.3828,106.1056,37.51,46,86,2.44,overcast clouds
15,Qaanaaq,GL,77.484,-69.3632,-3.89,93,100,6.42,overcast clouds
16,Longyearbyen,SJ,78.2186,15.6401,26.44,93,100,11.5,light snow
17,Mar Del Plata,AR,-38.0023,-57.5575,63.09,87,0,21.0,clear sky
18,Eyl,SO,7.9803,49.8164,82.27,72,100,8.52,overcast clouds
19,Bud,US,39.447,-86.1758,64.42,48,100,19.06,light rain
20,Namibe,AO,-15.1961,12.1522,71.42,76,62,3.6,broken clouds
21,Nago,JP,26.5881,127.9761,68.45,64,69,16.4,broken clouds
22,Fortuna,US,40.5982,-124.1573,50.94,61,100,1.99,overcast clouds
23,Tiverton,GB,50.9,-3.4833,50.4,95,16,1.99,few clouds
24,Concepcion Del Oro,MX,24.6333,-101.4167,80.98,4,100,12.71,overcast clouds
25,Koshurnikovo,RU,54.1667,93.3,26.62,96,56,2.75,broken clouds
26,Rikitea,PF,-23.1203,-134.9692,77.56,72,1,16.49,clear sky
27,Tiarei,PF,-17.5333,-149.3333,87.82,71,6,17.76,clear sky
28,Duncan,US,34.5023,-97.9578,91.62,30,0,14.97,clear sky
29,Porlamar,VE,10.958,-63.8491,77.99,84,78,20.54,broken clouds
30,Ayan,RU,56.45,138.1667,25.2,86,93,12.71,overcast clouds
31,Jamestown,US,42.097,-79.2353,62.53,36,100,18.41,overcast clouds
32,Sur,OM,22.5667,59.5289,88.47,33,15,12.97,few clouds
33,Nikolskoye,RU,59.7035,30.7861,38.88,81,96,13.27,overcast clouds
34,Cherskiy,RU,68.75,161.3,16.52,93,98,4.03,overcast clouds
35,Avera,US,33.194,-82.5271,76.51,54,19,5.68,few clouds
36,Hilo,US,19.7297,-155.09,84.27,81,75,12.66,light rain
37,Yellowknife,CA,62.456,-114.3525,21.72,49,75,9.22,broken clouds
38,Saint-Georges,GD,12.0564,-61.7485,82.08,74,20,23.02,few clouds
39,Castro,BR,-24.7911,-50.0119,52.09,61,0,2.37,clear sky
40,Paita,PE,-5.0892,-81.1144,73.18,70,27,17.83,scattered clouds
41,Coquimbo,CL,-29.9533,-71.3436,58.73,72,20,10.36,few clouds
42,Punta Arenas,CL,-53.15,-70.9167,48.31,71,20,21.85,few clouds
43,Saint George,US,37.1041,-113.5841,76.78,16,0,9.22,clear sky
44,Porto Santo,PT,33.072,-16.3415,61.18,88,40,12.66,scattered clouds
45,Lebu,CL,-37.6167,-73.65,54.23,87,23,12.44,few clouds
46,Hermanus,ZA,-34.4187,19.2345,53.8,68,67,15.9,broken clouds
47,Kapaa,US,22.0752,-159.319,82.38,71,75,17.27,broken clouds
48,Port Alfred,ZA,-33.5906,26.891,60.4,69,97,7.87,light rain
49,Ilulissat,GL,69.2167,-51.1,15.82,53,75,8.05,broken clouds
50,Deputatskiy,RU,69.3,139.9,8.1,75,100,2.13,overcast clouds
51,Las Palmas,ES,28.4204,-14.0131,63.39,82,0,19.57,clear sky
52,Afsin,TR,38.2477,36.914,43.9,66,4,3.67,clear sky
53,Mataura,NZ,-46.1927,168.8643,52.48,56,64,13.06,broken clouds
54,Lavrentiya,RU,65.5833,-171.0,29.48,95,100,16.8,light snow
55,Saint-Augustin,CA,51.226,-58.6502,31.15,94,100,5.82,overcast clouds
56,Kedrovyy,RU,56.1667,91.8167,34.21,92,80,4.21,broken clouds
57,Zyryanka,RU,65.75,150.85,12.92,81,98,2.04,overcast clouds
58,Angoche,MZ,-16.2325,39.9086,79.32,82,1,4.36,clear sky
59,Sitka,US,57.0531,-135.33,44.49,53,20,8.05,few clouds
60,Tessalit,ML,20.1986,1.0114,75.22,12,0,11.03,clear sky
61,Wanaka,NZ,-44.7,169.15,56.28,84,59,7.25,broken clouds
62,Christchurch,NZ,-43.5333,172.6333,67.41,48,100,20.71,overcast clouds
63,New Norfolk,AU,-42.7826,147.0587,53.71,65,96,2.66,overcast clouds
64,Ancud,CL,-41.8697,-73.8203,56.23,86,43,4.94,scattered clouds
65,Ribeira Grande,PT,38.5167,-28.7,60.19,69,100,10.78,overcast clouds
66,Tuktoyaktuk,CA,69.4541,-133.0374,-5.8,71,40,3.44,scattered clouds
67,Saint Anthony,US,45.0205,-93.218,34.34,55,100,17.27,overcast clouds
68,Karratha,AU,-20.7377,116.8463,84.25,65,64,3.22,broken clouds
69,Skelleftea,SE,64.7507,20.9528,32.36,64,100,8.05,overcast clouds
70,Puerto Ayora,EC,-0.7393,-90.3518,78.76,84,91,10.54,overcast clouds
71,Najran,SA,17.4924,44.1277,75.85,44,0,6.04,clear sky
72,Manokwari,ID,-0.8667,134.0833,81.48,70,99,0.72,overcast clouds
73,Rawson,AR,-43.3002,-65.1023,70.86,34,9,14.81,clear sky
74,Hobart,AU,-42.8794,147.3294,54.05,75,75,3.44,broken clouds
75,Rafaela,AR,-31.2503,-61.4867,63.0,57,0,8.08,clear sky
76,Port Hedland,AU,-20.3167,118.5667,77.05,83,12,1.14,few clouds
77,Mount Isa,AU,-20.7333,139.5,80.37,32,8,4.61,clear sky
78,Binzhou,CN,37.3667,118.0167,47.43,33,75,5.59,broken clouds
79,College,US,64.8569,-147.8028,36.07,35,40,14.97,scattered clouds
80,Ostrovnoy,RU,68.0531,39.5131,20.43,91,60,7.38,broken clouds
81,Shimoda,JP,34.6667,138.95,47.1,89,100,15.39,overcast clouds
82,Vaitape,PF,-16.5167,-151.75,82.22,70,7,18.25,light rain
83,Svetlogorsk,BY,52.6333,29.7333,45.61,90,100,13.78,light rain
84,Arraial Do Cabo,BR,-22.9661,-42.0278,73.26,68,20,17.27,few clouds
85,Matara,LK,5.9485,80.5353,78.66,86,17,2.39,few clouds
86,Georgetown,MY,5.4112,100.3354,78.75,93,20,3.44,few clouds
87,Chuy,UY,-33.6971,-53.4616,62.65,72,68,7.45,broken clouds
88,Prince Rupert,CA,54.3161,-130.3201,48.29,29,0,6.91,clear sky
89,Muros,ES,42.7762,-9.0603,54.84,86,19,3.78,few clouds
90,Muroto,JP,33.2833,134.15,55.76,65,98,13.44,overcast clouds
91,Jiazi,CN,22.8779,116.067,66.76,62,77,22.84,broken clouds
92,Busselton,AU,-33.65,115.3333,59.45,90,22,5.91,few clouds
93,Pevek,RU,69.7008,170.3133,16.0,87,38,2.1,scattered clouds
94,Ushtobe,KZ,45.2514,77.9838,53.2,26,0,8.01,clear sky
95,Kailua,US,21.4022,-157.7394,84.18,64,40,13.8,scattered clouds
96,Yanam,IN,16.7333,82.2167,77.45,97,37,3.29,scattered clouds
97,Butaritari,KI,3.0707,172.7902,81.16,74,67,9.19,broken clouds
98,Ahuimanu,US,21.4447,-157.8378,83.91,59,40,16.11,scattered clouds
99,Arrifes,PT,37.7667,-25.7,61.05,94,40,4.61,scattered clouds
100,Bluff,NZ,-46.6,168.3333,52.81,63,35,37.07,scattered clouds
101,Rocha,UY,-34.4833,-54.3333,59.76,86,80,3.96,broken clouds
102,Loiza,PR,18.4313,-65.8802,79.05,94,75,5.75,mist
103,Norman Wells,CA,65.282,-126.8329,12.24,52,75,11.5,broken clouds
104,Havre-Saint-Pierre,CA,50.2334,-63.5986,34.16,100,100,8.05,mist
105,Reconquista,AR,-29.15,-59.65,57.7,74,0,7.2,clear sky
106,Fort Myers Beach,US,26.452,-81.9481,80.01,71,0,11.5,clear sky
107,Geraldton,AU,-28.7667,114.6,57.61,94,2,0.0,mist
108,Ixtapa,MX,20.7,-105.2,76.23,78,75,12.66,broken clouds
109,Itoman,JP,26.1247,127.6694,69.82,66,20,18.41,few clouds
110,Saldanha,ZA,-33.0117,17.9442,57.25,61,10,17.56,clear sky
111,Clyde River,CA,70.4692,-68.5914,-5.57,71,0,9.22,clear sky
112,Sabha,LY,27.0377,14.4283,75.33,18,0,6.26,clear sky
113,Bengkulu,ID,-3.8004,102.2655,76.08,89,100,4.27,overcast clouds
114,Fairbanks,US,64.8378,-147.7164,36.09,35,0,14.97,clear sky
115,Upernavik,GL,72.7868,-56.1549,-11.33,98,9,8.72,clear sky
116,Moerai,PF,-22.4333,-151.3333,80.71,71,12,11.03,few clouds
117,Mahebourg,MU,-20.4081,57.7,77.29,83,40,14.97,scattered clouds
118,Wilmington,US,34.2257,-77.9447,67.95,48,0,16.11,clear sky
119,Solnechnyy,RU,50.7214,136.6319,31.28,87,100,6.76,overcast clouds
120,Bat Yam,IL,32.0231,34.7503,59.11,80,0,4.61,clear sky
121,Sabang,ID,5.8933,95.3214,83.12,72,99,4.0,overcast clouds
122,Mangochi,MW,-14.4782,35.2645,70.83,86,48,1.9,scattered clouds
123,Nuevo Progreso,MX,23.1667,-97.95,85.53,63,81,5.99,broken clouds
124,Dingle,PH,10.9995,122.6711,78.37,84,87,2.95,overcast clouds
125,Hithadhoo,MV,-0.6,73.0833,82.6,67,61,3.22,broken clouds
126,Mount Gambier,AU,-37.8333,140.7667,58.91,100,100,6.91,mist
127,Codrington,AU,-38.2667,141.9667,63.23,79,36,4.23,scattered clouds
128,Byron Bay,AU,-28.65,153.6167,66.09,73,83,8.59,broken clouds
129,Bethel,US,41.3712,-73.414,64.49,32,0,16.11,clear sky
130,Guymon,US,36.6828,-101.4816,82.4,9,0,20.71,clear sky
131,Vostok,RU,46.4856,135.8833,38.5,59,91,5.08,overcast clouds
132,Harper,LR,4.375,-7.7169,79.93,86,100,7.0,light rain
133,Nizhniy Tsasuchey,RU,50.5167,115.1333,38.75,63,97,8.84,light rain
134,Lagoa,PT,39.05,-27.9833,58.73,73,100,12.8,overcast clouds
135,Cabo San Lucas,MX,22.8909,-109.9124,85.6,29,20,3.44,few clouds
136,Areosa,PT,41.7178,-8.8571,54.77,88,33,6.69,scattered clouds
137,Kwekwe,ZW,-18.9281,29.8149,63.73,93,74,3.83,broken clouds
138,Kalabo,ZM,-14.97,22.6814,70.09,80,100,3.56,overcast clouds
139,Kibaya,TZ,-5.3,36.5667,60.62,96,99,4.43,overcast clouds
140,Amurzet,RU,47.6967,131.0981,45.7,43,100,7.27,overcast clouds
141,Khatanga,RU,71.9667,102.5,18.81,85,100,11.16,overcast clouds
142,Mandalgovi,MN,45.7625,106.2708,31.17,49,26,2.71,scattered clouds
143,Avarua,CK,-21.2078,-159.775,80.65,78,14,3.44,few clouds
144,Belaya Gora,RU,68.5333,146.4167,11.89,87,97,3.78,overcast clouds
145,San Quintin,MX,30.4833,-115.95,63.88,66,82,17.45,broken clouds
146,Poum,NC,-20.2333,164.0167,77.95,72,12,8.12,few clouds
147,Quatre Cocos,MU,-20.2078,57.7625,77.11,83,47,18.48,light rain
148,Buala,SB,-8.145,159.5921,78.78,81,100,0.78,overcast clouds
149,Leland,US,34.2563,-78.0447,67.95,51,0,16.11,clear sky
150,Billericay,GB,51.6287,0.4196,52.12,89,5,1.99,clear sky
151,Waingapu,ID,-9.6567,120.2641,80.55,81,87,3.74,overcast clouds
152,Sao Felix Do Xingu,BR,-6.6447,-51.995,73.33,96,99,1.07,overcast clouds
153,Amol,IR,36.4696,52.3507,48.81,74,19,4.68,few clouds
154,Oudtshoorn,ZA,-33.5907,22.2014,48.56,76,36,1.72,scattered clouds
155,Caravelas,BR,-17.7125,-39.2481,74.88,84,100,15.46,light rain
156,Carnarvon,AU,-24.8667,113.6333,69.87,78,50,6.91,scattered clouds
157,Luderitz,NA,-26.6481,15.1594,57.72,71,0,13.71,clear sky
158,Ponta Do Sol,PT,32.6667,-17.1,66.0,66,100,2.95,overcast clouds
159,Husavik,IS,66.0449,-17.3389,40.62,77,100,12.84,overcast clouds
160,Saint-Philippe,RE,-21.3585,55.7679,72.99,87,50,14.61,light rain
161,Barrow,US,71.2906,-156.7887,5.02,78,0,26.46,snow
162,Planeta Rica,CO,8.4147,-75.5883,83.17,78,99,7.9,overcast clouds
163,Sangar,RU,63.9242,127.4739,13.5,87,67,1.63,broken clouds
164,Magnitka,RU,55.3475,59.6961,38.71,95,79,12.24,broken clouds
165,Port Elizabeth,ZA,-33.918,25.5701,57.49,82,0,4.61,clear sky
166,La Ronge,CA,55.1001,-105.2842,30.42,29,75,3.44,broken clouds
167,Saint-Denis,FR,48.9167,2.3333,60.15,69,0,8.05,clear sky
168,Thompson,CA,55.7435,-97.8558,24.96,39,100,14.97,overcast clouds
169,Half Moon Bay,US,37.4636,-122.4286,71.58,56,0,16.11,clear sky
170,Ikorodu,NG,6.6191,3.5041,82.2,78,93,9.57,overcast clouds
171,Tasiilaq,GL,65.6145,-37.6368,35.76,99,100,8.97,moderate rain
172,Bambous Virieux,MU,-20.3428,57.7575,77.25,83,40,14.97,light rain
173,Nelson Bay,AU,-32.7167,152.15,66.99,90,98,2.1,overcast clouds
174,Jonkoping,SE,57.7814,14.1562,28.11,100,25,0.0,scattered clouds
175,Mehamn,NO,71.0357,27.8492,35.89,98,100,24.32,overcast clouds
176,Lompoc,US,34.6391,-120.4579,72.7,71,0,25.01,clear sky
177,Constantine,DZ,36.365,6.6147,53.01,87,75,8.05,broken clouds
178,Ergani,TR,38.2653,39.7621,46.78,59,9,6.93,clear sky
179,Provideniya,RU,64.3833,-173.3,32.81,94,100,28.34,light snow
180,Zvishavane,ZW,-20.3267,30.0665,69.6,79,75,2.28,broken clouds
181,Atar,MR,20.5169,-13.0499,78.1,15,0,1.52,clear sky
182,Orange Cove,US,36.6244,-119.3137,75.79,32,31,6.13,scattered clouds
183,Anadyr,RU,64.75,177.4833,36.1,74,0,17.9,clear sky
184,Richards Bay,ZA,-28.783,32.0377,68.23,87,100,17.22,light rain
185,Maues,BR,-3.3836,-57.7186,74.37,98,100,2.77,moderate rain
186,Hobyo,SO,5.3505,48.5268,82.27,73,93,12.68,overcast clouds
187,Kaeo,NZ,-35.1,173.7833,69.33,79,85,6.87,overcast clouds
188,Bredasdorp,ZA,-34.5322,20.0403,58.28,59,97,11.95,overcast clouds
189,Namwala,ZM,-15.7504,26.4384,69.57,83,100,1.32,overcast clouds
190,Dhaka,BD,23.7104,90.4074,82.38,65,75,13.8,haze
191,Bonfim,BR,3.0833,-59.95,76.48,80,100,3.96,overcast clouds
192,Kruisfontein,ZA,-34.0033,24.7314,53.89,76,100,6.11,light rain
193,Martapura,ID,-3.4167,114.85,74.91,95,92,1.43,overcast clouds
194,Ambulu,ID,-8.345,113.6058,75.81,91,53,3.13,broken clouds
195,San Cristobal,VE,7.7669,-72.225,77.18,69,100,3.78,overcast clouds
196,Fayetteville,US,35.0527,-78.8784,75.72,21,0,9.22,clear sky
197,Sambava,MG,-14.2667,50.1667,76.77,88,90,10.09,moderate rain
198,Ewa Beach,US,21.3156,-158.0072,84.15,47,40,17.0,scattered clouds
199,Severo-Kurilsk,RU,50.6789,156.125,31.75,81,66,1.77,broken clouds
200,Limbang,MY,4.75,115.0,78.91,96,70,0.96,broken clouds
201,Bahia Honda,CU,22.9036,-83.1592,79.56,76,46,7.52,scattered clouds
202,Axim,GH,4.8699,-2.2405,80.01,84,59,7.63,broken clouds
203,Tuatapere,NZ,-46.1333,167.6833,54.57,57,43,17.94,scattered clouds
204,Wellington,NZ,-41.2866,174.7756,65.07,79,20,26.46,few clouds
205,Castilho,BR,-20.8722,-51.4875,66.94,73,0,8.21,clear sky
206,Torbay,CA,47.6666,-52.7314,39.97,60,40,9.22,scattered clouds
207,Arti,RU,56.4234,58.5328,38.3,97,100,12.97,light rain
208,Kupang,ID,-10.1667,123.5833,79.77,80,59,5.32,broken clouds
209,Sao Joao Da Barra,BR,-21.6403,-41.0511,72.59,63,94,19.57,overcast clouds
210,Dikson,RU,73.5069,80.5464,15.15,96,100,10.13,overcast clouds
211,Caconda,AO,-13.7333,15.0667,59.2,93,100,1.41,light rain
212,East London,ZA,-33.0153,27.9116,61.7,64,100,10.07,overcast clouds
213,Novoagansk,RU,61.9449,76.6625,40.75,96,100,9.62,overcast clouds
214,Narsaq,GL,60.9167,-46.05,32.22,76,64,3.24,broken clouds
215,Mae Sai,TH,20.4335,99.8762,80.4,44,80,1.34,broken clouds
216,Riyadh,SA,24.6877,46.7219,80.74,28,96,7.96,overcast clouds
217,Kassala,SD,15.451,36.4,86.94,37,45,7.4,scattered clouds
218,Togur,RU,58.3631,82.8265,35.8,93,100,6.08,overcast clouds
219,Alofi,NU,-19.0595,-169.9187,84.09,74,49,2.3,scattered clouds
220,Barahona,DO,18.2085,-71.1008,84.02,61,40,9.22,scattered clouds
221,Bonavista,CA,48.6499,-53.1147,32.58,81,51,16.2,broken clouds
222,Losino-Petrovskiy,RU,55.8696,38.2006,42.42,96,100,4.83,light rain
223,Faanui,PF,-16.4833,-151.75,82.2,70,8,18.21,light rain
224,Kosa,RU,59.9445,54.9977,26.13,94,100,8.61,overcast clouds
225,Linxia,CN,35.6003,103.2064,38.79,78,100,2.77,overcast clouds
226,Oranjemund,NA,-28.55,16.4333,55.18,82,0,11.5,clear sky
227,Dukat,RU,62.55,155.55,12.27,90,97,5.17,overcast clouds
228,Nsanje,MW,-16.92,35.262,74.23,95,0,2.3,clear sky
229,Sistranda,NO,63.7256,8.834,42.76,87,89,11.52,overcast clouds
230,Miri,MY,4.4148,114.0089,77.14,94,40,3.44,light rain
231,Hami,CN,42.8,93.45,42.1,45,67,8.5,broken clouds
232,Tahta,EG,26.7693,31.5021,72.63,19,0,3.98,clear sky
233,Lasa,IT,46.6166,10.7002,54.48,93,56,6.51,broken clouds
234,Yar-Sale,RU,66.8333,70.8333,17.24,87,100,8.32,overcast clouds
235,Candido Mendes,BR,-1.4467,-45.7167,75.09,95,100,2.84,overcast clouds
236,Athabasca,CA,54.7169,-113.2854,36.01,52,100,6.38,overcast clouds
237,Kaitangata,NZ,-46.2817,169.8464,55.56,52,68,20.54,broken clouds
238,Vila Velha,BR,-20.3297,-40.2925,76.95,74,100,12.66,overcast clouds
239,Pacific Grove,US,36.6177,-121.9166,67.55,69,0,11.5,clear sky
240,Cidreira,BR,-30.1811,-50.2056,64.27,65,50,6.62,scattered clouds
241,Vila Franca Do Campo,PT,37.7167,-25.4333,63.01,88,25,5.82,scattered clouds
242,Mitu,CO,1.1983,-70.1733,74.23,94,87,2.26,overcast clouds
243,Ippy,CF,6.2679,21.2247,72.55,89,100,6.6,overcast clouds
244,Samdari,IN,25.8167,72.5833,78.82,58,0,8.01,clear sky
245,Ojinaga,MX,29.5667,-104.4167,93.58,15,0,5.75,clear sky
246,Rundu,NA,-17.9333,19.7667,66.87,70,11,2.1,few clouds
247,Broome,US,42.2506,-75.833,62.2,32,75,21.85,broken clouds
248,Tocopilla,CL,-22.092,-70.1979,63.57,72,17,6.78,few clouds
249,Vanimo,PG,-2.6741,141.3028,81.79,78,54,4.79,broken clouds
250,Raudeberg,NO,61.9875,5.1352,45.86,74,76,11.56,broken clouds
251,Hutchinson,US,38.0608,-97.9298,64.72,37,0,17.27,clear sky
252,Jibuti,DJ,11.5,42.5,74.52,68,89,7.09,overcast clouds
253,Saskylakh,RU,71.9167,114.0833,-9.29,99,94,7.0,overcast clouds
254,Colares,PT,38.7992,-9.4469,60.76,73,14,15.01,few clouds
255,Preili,LV,56.2944,26.7246,33.78,88,96,12.44,overcast clouds
256,Moindou,NC,-21.6924,165.677,78.08,70,41,5.73,scattered clouds
257,Bubaque,GW,11.2833,-15.8333,74.62,73,6,19.13,clear sky
258,Itarema,BR,-2.9248,-39.9167,78.6,82,75,6.06,broken clouds
259,Clarence Town,AU,-32.5833,151.7833,66.85,73,96,0.96,overcast clouds
260,Arlit,NE,18.7369,7.3853,82.94,10,7,10.69,clear sky
261,Ivaipora,BR,-24.2478,-51.6847,56.39,71,0,3.24,clear sky
262,Port Macquarie,AU,-31.4333,152.9167,66.88,69,73,5.46,broken clouds
263,Wuning,CN,29.2589,120.2311,52.18,83,100,2.55,overcast clouds
264,Kilindoni,TZ,-7.9139,39.6668,81.99,80,100,16.2,moderate rain
265,Coffs Harbour,AU,-30.3,153.1333,66.16,82,100,9.22,overcast clouds
266,Padang,ID,-0.9492,100.3543,78.33,82,100,2.13,overcast clouds
267,Aklavik,CA,68.2191,-135.0107,7.18,76,97,5.79,overcast clouds
268,Marinette,US,45.1,-87.6307,37.49,32,40,11.5,scattered clouds
269,Bara,NG,10.3744,10.7288,84.33,50,100,7.36,overcast clouds
270,Berlevag,NO,70.8578,29.0864,37.2,97,100,26.31,overcast clouds
271,Lerwick,GB,60.1545,-1.1494,46.4,89,62,22.53,broken clouds
272,Teeli,RU,51.0333,90.2333,34.14,28,17,2.19,few clouds
273,Kirksville,US,40.1948,-92.5833,51.75,42,0,13.8,clear sky
274,Esperance,AU,-33.8667,121.9,57.04,78,51,10.11,broken clouds
275,Springfield,US,37.2153,-93.2982,61.66,70,100,7.0,overcast clouds
276,Baglan,AF,36.1307,68.7083,67.35,35,0,3.13,clear sky
277,Port Shepstone,ZA,-30.7414,30.455,63.61,85,100,19.06,light rain
278,Sioux Lookout,CA,50.1001,-91.917,19.47,68,100,13.8,overcast clouds
279,Shirokiy,RU,49.758,129.523,35.46,87,99,13.96,overcast clouds
280,Mufumbwe,ZM,-13.6833,24.8,63.81,98,95,3.87,light rain
281,Tiksi,RU,71.6872,128.8694,-1.53,100,100,3.76,overcast clouds
282,Deer Lake,CA,49.1667,-57.4316,44.46,49,75,8.05,broken clouds
283,Rocky Mountain House,CA,52.3668,-114.9188,28.51,50,100,3.44,overcast clouds
284,Abu Samrah,SY,35.3029,37.1841,55.42,49,0,6.04,clear sky
285,Sola,VU,-13.8833,167.55,81.73,71,98,4.05,overcast clouds
286,Brazzaville,CG,-4.2658,15.2832,70.84,94,100,1.54,overcast clouds
287,Katsuura,JP,35.1333,140.3,50.92,84,100,25.08,overcast clouds
288,Okahandja,NA,-21.9833,16.9167,62.8,54,18,3.53,few clouds
289,Arenapolis,BR,-14.4503,-56.8461,71.64,93,48,1.41,scattered clouds
290,Paamiut,GL,61.994,-49.6678,24.17,78,42,14.2,scattered clouds
291,Acapulco,MX,16.8634,-99.8901,85.82,58,40,6.91,scattered clouds
292,Nanortalik,GL,60.1432,-45.2371,26.42,76,82,8.86,broken clouds
293,Ust-Kulom,RU,61.6864,53.6902,25.81,91,100,10.38,overcast clouds
294,Waipawa,NZ,-41.4122,175.5153,62.04,64,10,24.45,clear sky
295,Toledo,ES,39.8333,-4.0,59.83,58,3,5.39,clear sky
296,Puerto Escondido,MX,15.85,-97.0667,86.16,59,56,6.85,broken clouds
297,Ahipara,NZ,-35.1667,173.1667,66.7,58,99,5.3,overcast clouds
298,Nome,US,64.5011,-165.4064,35.11,80,100,21.85,overcast clouds
299,Masunga,BW,-20.6246,27.4488,65.7,77,49,4.94,light rain
300,Portland,US,45.5234,-122.6762,56.55,48,40,5.75,scattered clouds
301,Pedasi,PA,7.5333,-80.0333,83.07,74,60,10.4,broken clouds
302,Guerrero Negro,MX,27.9769,-114.0611,65.48,57,97,17.96,overcast clouds
303,Darab,IR,28.7519,54.5444,68.13,39,100,1.48,overcast clouds
304,Victoria,HK,22.2855,114.1577,72.32,78,98,21.0,overcast clouds
305,Bulolo,PG,-7.2,146.65,77.61,78,100,1.66,overcast clouds
306,Mazamari,PE,-11.3258,-74.5308,72.1,96,100,1.23,overcast clouds
307,Coihaique,CL,-45.5752,-72.0662,56.01,82,40,3.44,scattered clouds
308,Kitimat,CA,54.0524,-128.6534,50.38,40,95,1.88,overcast clouds
309,Tomatlan,MX,19.9333,-105.25,84.07,44,100,7.23,overcast clouds
310,Kodinsk,RU,58.6881,99.1844,30.43,97,67,2.8,broken clouds
311,Morro Bay,US,35.3658,-120.8499,77.18,66,67,7.0,broken clouds
312,Chapais,CA,49.7834,-74.8492,35.38,83,100,3.04,overcast clouds
313,Kangaatsiaq,GL,68.3065,-53.4641,3.6,97,99,6.73,overcast clouds
314,Khani,GE,41.9563,42.9566,33.37,83,15,4.83,few clouds
315,Pyapon,MM,16.2833,95.6833,79.38,84,1,7.7,clear sky
316,Dhidhdhoo,MV,6.8833,73.1,84.09,72,30,8.81,scattered clouds
317,Gazojak,TM,41.1875,61.4036,67.06,36,100,23.76,overcast clouds
318,Russell,US,32.3502,-85.1999,81.68,30,0,4.61,clear sky
319,Hit,IQ,33.6416,42.8251,65.41,19,29,6.96,scattered clouds
320,Alekseyevsk,RU,57.8406,108.3492,28.38,88,99,1.63,overcast clouds
321,Sioux Falls,US,43.55,-96.7003,42.66,34,20,19.57,few clouds
322,Grindavik,IS,63.8424,-22.4338,48.15,93,100,36.82,light intensity drizzle
323,Puerto Cabezas,NI,14.0351,-83.3888,85.96,66,40,4.61,scattered clouds
324,Bordei Verde,RO,45.0833,27.5667,54.97,69,94,8.88,overcast clouds
325,Shanhetun,CN,44.7,127.2,46.67,38,3,12.12,clear sky
326,Makakilo City,US,21.3469,-158.0858,82.72,48,75,16.11,broken clouds
327,Tautira,PF,-17.7333,-149.15,81.27,70,16,16.67,few clouds
328,Sorland,NO,67.667,12.6934,40.66,79,99,22.59,overcast clouds
329,Batemans Bay,AU,-35.7167,150.1833,62.1,59,98,2.71,overcast clouds
330,Itacoatiara,BR,-3.1431,-58.4442,74.62,96,100,3.69,heavy intensity rain
331,Sao Jose Da Coroa Grande,BR,-8.8978,-35.1478,80.26,81,14,10.89,few clouds
332,Mayo,US,38.8876,-76.5119,70.5,33,0,17.27,clear sky
333,Yekaterinovka,RU,52.0508,44.3451,42.73,72,88,2.73,overcast clouds
334,Saint-Joseph,RE,-21.3667,55.6167,71.98,83,35,13.98,light rain
335,Airai,TL,-8.9266,125.4092,64.08,85,100,1.28,overcast clouds
336,Honiara,SB,-9.4333,159.95,80.11,82,100,2.04,overcast clouds
337,Pacifica,US,37.6138,-122.4869,70.41,59,40,16.11,scattered clouds
338,Sept-Iles,CA,50.2001,-66.3821,37.06,95,100,4.61,light intensity drizzle
339,Meulaboh,ID,4.1363,96.1285,76.82,88,75,3.38,broken clouds
340,Road Town,VG,18.4167,-64.6167,78.89,73,40,13.8,scattered clouds
341,Vardo,NO,70.3705,31.1107,35.69,90,100,24.67,light rain
342,Stornoway,GB,58.2093,-6.3865,50.94,93,100,0.0,overcast clouds
343,Praya,CV,14.9215,-23.5087,69.31,80,11,11.3,few clouds
344,Soyo,AO,-6.1349,12.3689,78.08,88,100,1.99,overcast clouds
345,Marsh Harbour,BS,26.5412,-77.0636,71.38,84,100,19.22,moderate rain
346,Alta Floresta,BR,-9.8756,-56.0861,73.17,93,38,2.17,scattered clouds
347,Egvekinot,RU,66.3167,-179.1667,17.49,85,86,16.17,overcast clouds
348,Salalah,OM,17.0151,54.0924,80.69,78,20,3.44,few clouds
349,Yulara,AU,-25.2406,130.9889,69.64,43,35,3.44,scattered clouds
350,Kununurra,AU,-15.7667,128.7333,78.78,89,25,0.0,scattered clouds
351,Port Hardy,CA,50.6996,-127.4199,50.18,46,75,10.36,broken clouds
352,Zhanakorgan,KZ,43.9098,67.2495,66.13,29,68,6.85,broken clouds
353,Traverse City,US,44.7631,-85.6206,39.72,45,75,19.57,broken clouds
354,De-Kastri,RU,51.4667,140.7833,33.71,83,100,11.97,overcast clouds
355,Alamos,MX,27.0167,-108.9333,90.54,8,85,8.84,overcast clouds
356,Olafsvik,IS,64.8945,-23.7142,45.81,85,100,30.49,overcast clouds
357,Pandan,PH,14.0453,124.1694,79.95,75,28,4.65,scattered clouds
358,Bastia,FR,42.6667,9.3333,59.31,57,0,3.44,clear sky
359,Acarau,BR,-2.8856,-40.12,79.21,81,76,6.67,broken clouds
360,Mhlume,SZ,-26.0333,31.85,66.87,86,82,11.43,broken clouds
361,Oussouye,SN,12.485,-16.5469,71.78,74,6,9.22,clear sky
362,Yerbogachen,RU,61.2767,108.0108,20.53,87,100,2.42,overcast clouds
363,Chiredzi,ZW,-21.05,31.6667,73.74,82,49,3.49,scattered clouds
364,Hisai,JP,34.6667,136.4667,55.2,68,72,20.18,broken clouds
365,Lorengau,PG,-2.0226,147.2712,84.36,70,53,4.63,broken clouds
366,Tabou,CI,4.423,-7.3528,79.77,87,100,7.25,light rain
367,Maniitsoq,GL,65.4167,-52.9,22.69,59,98,7.99,overcast clouds
368,Yantal,RU,56.8471,105.2542,34.43,97,100,1.99,overcast clouds
369,Pinhao,BR,-25.6956,-51.6597,49.8,75,0,2.98,clear sky
370,Caramay,PH,10.1815,119.236,78.98,83,29,2.77,scattered clouds
371,Vao,NC,-22.6667,167.4833,75.51,78,90,8.55,overcast clouds
372,Buraydah,SA,26.326,43.975,79.25,41,47,15.35,scattered clouds
373,Rio Branco,BR,-9.9747,-67.81,77.61,88,75,2.3,broken clouds
374,Sakaiminato,JP,35.55,133.2333,51.73,62,75,12.66,broken clouds
375,Guanica,PR,17.9716,-66.908,80.44,73,7,4.0,clear sky
376,Kitale,KE,1.0157,35.0062,59.38,93,100,3.65,light rain
377,Kamra,PK,33.7473,73.5111,67.95,40,0,10.42,clear sky
378,Aquiraz,BR,-3.9014,-38.3911,83.17,80,93,5.59,overcast clouds
379,Mosetse,BW,-20.75,26.65,67.51,73,75,7.99,light rain
380,Bhadrak,IN,21.0633,86.5054,78.17,87,78,8.77,broken clouds
381,Livingston,GB,55.9029,-3.5226,53.8,87,100,3.44,overcast clouds
382,Aketi,CD,2.7388,23.7833,72.05,89,97,0.63,overcast clouds
383,Tazovskiy,RU,67.4667,78.7,17.96,94,100,7.25,overcast clouds
384,Redondela,ES,42.2834,-8.6096,58.19,80,0,3.44,clear sky
385,Svolvaer,NO,68.2342,14.5683,38.5,73,99,15.17,overcast clouds
386,Bac Lieu,VN,9.285,105.7244,81.28,82,39,7.38,scattered clouds
387,Vangaindrano,MG,-23.35,47.6,74.5,90,99,5.26,light rain
388,Saqqez,IR,36.2499,46.2735,48.54,39,100,1.92,overcast clouds
389,Chapleau,CA,47.8405,-83.4034,28.49,50,75,11.5,broken clouds
390,Beian,NO,63.6559,9.5683,44.01,93,75,5.75,broken clouds
391,Beringovskiy,RU,63.05,179.3167,31.91,98,100,20.2,snow
392,Leningradskiy,RU,69.3833,178.4167,12.67,88,100,10.07,overcast clouds
393,Mirnyy,RU,62.5353,113.9611,14.23,66,29,4.0,scattered clouds
394,Brokopondo,SR,4.75,-55.1667,77.36,86,100,5.95,overcast clouds
395,Lingyuan,CN,41.24,119.4011,47.5,19,0,4.29,clear sky
396,Back Mountain,US,41.3359,-75.9963,65.21,50,27,13.29,scattered clouds
397,Mahibadhoo,MV,3.7833,72.9667,83.48,75,93,6.87,overcast clouds
398,Srednekolymsk,RU,67.45,153.6833,14.63,87,95,4.79,overcast clouds
399,Souillac,MU,-20.5167,57.5167,77.38,83,40,14.97,light rain
400,Tadine,NC,-21.55,167.8833,77.79,83,87,9.93,overcast clouds
401,Celestun,MX,20.8667,-90.4,81.66,77,19,18.81,few clouds
402,Berbera,SO,10.4396,45.0143,82.87,81,73,4.14,broken clouds
403,Balurghat,IN,25.2167,88.7667,79.86,69,81,11.43,broken clouds
404,Iqaluit,CA,63.7506,-68.5145,8.33,72,20,13.8,few clouds
405,Bereda,ES,43.2686,-7.5406,54.41,100,7,1.07,clear sky
406,Lexington,US,37.9887,-84.4777,67.89,32,0,8.05,clear sky
407,Diamantino,BR,-14.4086,-56.4461,71.92,93,55,2.44,broken clouds
408,Calbuco,CL,-41.768,-73.1273,58.21,87,1,4.65,clear sky
409,Millinocket,US,45.6573,-68.7098,57.31,24,0,6.91,clear sky
410,Maltahohe,NA,-24.8333,16.9833,61.63,46,14,6.51,few clouds
411,Coahuayana,MX,18.7333,-103.6833,85.1,48,100,6.08,overcast clouds
412,Shatalovo,RU,54.334,32.4465,37.53,97,100,15.08,overcast clouds
413,Port Lincoln,AU,-34.7333,135.8667,68.22,73,1,7.83,clear sky
414,Komsomolets,KZ,53.7453,62.0708,47.75,64,3,14.94,clear sky
415,Kirkuk,IQ,35.4681,44.3922,57.87,29,100,0.45,overcast clouds
416,Boa Vista,BR,2.8197,-60.6733,76.98,88,75,2.3,broken clouds
417,Turkistan,KZ,43.0,68.0,65.93,46,50,7.56,scattered clouds
418,Ucluelet,CA,48.9329,-125.5528,50.09,74,44,4.0,scattered clouds
419,Haysville,US,37.5645,-97.3523,70.12,33,0,23.02,clear sky
420,Aykhal,RU,66.0,111.5,2.68,99,100,6.8,overcast clouds
421,Bolivar,US,37.6145,-93.4105,62.58,73,100,2.75,overcast clouds
422,Rubbestadneset,NO,59.8147,5.2681,45.48,80,91,3.83,overcast clouds
423,Morant Bay,JM,17.8815,-76.4093,83.71,76,1,11.41,clear sky
424,San Rafael Del Sur,NI,11.8485,-86.4384,94.17,33,65,13.18,broken clouds
425,Shingu,JP,33.7333,135.9833,55.4,58,45,6.51,scattered clouds
426,Kodiak,US,57.79,-152.4072,40.51,87,100,12.66,light rain
427,Arrecife,ES,28.963,-13.5477,69.78,56,0,23.02,clear sky
428,Mackay,AU,-21.15,149.2,76.68,83,3,11.5,clear sky
429,Koslan,RU,63.4564,48.8989,23.74,88,93,9.06,overcast clouds
430,Haines Junction,CA,60.7522,-137.5108,39.15,30,24,6.91,few clouds
431,Ape,LV,57.5393,26.6929,36.72,88,100,9.4,overcast clouds
432,Cutervo,PE,-6.379,-78.8157,55.26,91,77,3.8,light rain
433,Zaysan,KZ,47.4667,84.8667,40.96,23,0,1.66,clear sky
434,Chokurdakh,RU,70.6333,147.9167,10.63,91,100,5.53,overcast clouds
435,Alappuzha,IN,9.49,76.3264,81.86,77,82,2.28,broken clouds
436,Hasaki,JP,35.7333,140.8333,50.29,85,100,33.26,overcast clouds
437,Chicama,PE,-7.8447,-79.1469,63.14,73,45,9.89,scattered clouds
438,Pontianak,ID,-0.0333,109.3333,75.18,94,20,0.0,few clouds
439,Dakar,SN,14.6937,-17.4441,68.13,88,75,13.8,broken clouds
440,Villiers,ZA,-27.0303,28.6006,54.03,68,26,11.03,scattered clouds
441,Krasnoselkup,RU,65.7,82.4667,29.64,99,100,1.99,light snow
442,Tromso,NO,69.6496,18.957,35.62,69,100,11.5,overcast clouds
443,Westport,US,41.1415,-73.3579,62.94,42,0,23.02,clear sky
444,Jimenez,MX,28.3333,-105.4,91.33,5,19,3.09,few clouds
445,Lensk,RU,60.7253,114.9278,15.22,93,86,3.51,overcast clouds
446,Paris,FR,48.8534,2.3488,60.15,72,0,10.36,clear sky
447,Isiro,CD,2.7739,27.616,66.36,96,100,0.81,light rain
448,Rincon,US,32.296,-81.2354,69.76,61,1,10.78,clear sky
449,Vilhena,BR,-12.7406,-60.1458,75.42,88,0,3.44,clear sky
450,Gacko,BA,43.1672,18.5353,49.17,91,27,6.08,scattered clouds
451,Bathsheba,BB,13.2167,-59.5167,81.21,74,40,18.41,scattered clouds
452,Oskarshamn,SE,57.2645,16.4484,33.75,83,3,6.53,clear sky
453,Zeya,RU,53.75,127.2667,30.58,73,100,4.21,overcast clouds
454,Kavaratti,IN,10.5669,72.642,82.62,74,48,3.09,scattered clouds
455,Kalmunai,LK,7.4167,81.8167,78.98,89,10,10.67,clear sky
456,Cooma,AU,-36.2333,149.1333,49.77,100,73,0.0,broken clouds
457,Haukipudas,FI,65.1765,25.3523,30.25,89,44,2.86,scattered clouds
458,Asaba,NG,6.2006,6.7338,77.74,89,96,4.25,overcast clouds
459,Talnakh,RU,69.4865,88.3972,23.52,93,93,9.31,overcast clouds
460,Bowen,AU,-20.0167,148.2333,76.23,64,0,10.67,clear sky
461,Lamar,US,33.6668,-95.5836,77.99,73,100,12.66,overcast clouds
462,Shenzhen,CN,22.5455,114.0683,72.21,86,95,16.04,overcast clouds
463,Arman,RU,59.7,150.1667,23.22,66,100,5.28,overcast clouds
464,Dongfeng,CN,42.6403,125.5118,46.22,33,0,9.42,clear sky
465,Adrar,MR,20.5022,-10.0711,81.86,12,13,6.71,few clouds
466,Phek,IN,25.6667,94.5,53.35,76,91,2.26,overcast clouds
467,Arcachon,FR,44.5875,-1.0519,55.72,100,100,4.61,fog
468,Bhadra,IN,29.1167,75.1667,80.69,15,0,7.56,clear sky
469,Warrnambool,AU,-38.3833,142.4833,61.81,85,59,4.27,broken clouds
470,Sault Sainte Marie,CA,46.5168,-84.3333,30.49,59,100,19.57,overcast clouds
471,Antofagasta,CL,-23.65,-70.4,63.68,84,7,5.88,clear sky
472,Zalesovo,RU,53.9939,84.7431,33.08,91,46,3.8,scattered clouds
473,Tombouctou,ML,20.0,-3.0,76.91,10,0,13.18,clear sky
474,Novyy Urengoy,RU,66.0833,76.6333,24.58,96,100,4.07,light snow
475,Constitucion,CL,-35.3333,-72.4167,52.43,89,1,8.52,clear sky
476,Aksarka,RU,66.5606,67.7975,11.59,94,100,5.93,overcast clouds
477,Santa Rosa,PH,14.3122,121.1114,81.01,79,73,5.14,broken clouds
478,Acheng,CN,45.5454,126.977,46.51,41,4,10.49,clear sky
479,Dzilam Gonzalez,MX,21.2833,-88.9333,84.33,62,30,11.81,scattered clouds
480,Kousseri,CM,12.0769,15.0306,90.3,34,62,10.67,broken clouds
481,Bilma,NE,18.6853,12.9164,86.81,7,68,7.2,broken clouds
482,Korla,CN,41.7597,86.1469,45.0,15,0,2.01,clear sky
483,Kovdor,RU,67.5662,30.4758,24.98,96,45,3.33,scattered clouds
484,Kabalo,CD,-6.05,26.9167,68.59,99,99,3.29,overcast clouds
485,Staryy Krym,UA,45.0333,35.1,43.45,92,60,6.62,broken clouds
486,Atbasar,KZ,51.8,68.3333,53.44,49,93,9.08,overcast clouds
487,Nixa,US,37.0434,-93.2944,61.7,75,100,4.0,overcast clouds
488,San Carlos De Bariloche,AR,-41.1456,-71.3082,58.75,47,0,19.57,clear sky
489,Alim,PH,9.5649,122.4876,80.29,75,29,2.64,scattered clouds
490,Loa Janan,ID,-0.583,117.095,75.02,98,95,1.01,moderate rain
491,Zaragoza,ES,41.6561,-0.8773,63.86,61,0,10.36,clear sky
492,Margherita,IN,27.2833,95.6833,63.5,97,98,2.51,light rain
493,Salta,AR,-24.7859,-65.4117,61.39,77,75,5.75,broken clouds
494,Natchez,US,31.5604,-91.4032,71.82,83,100,10.36,overcast clouds
495,Asosa,ET,10.0667,34.5333,64.26,72,100,3.44,overcast clouds
496,Knysna,ZA,-34.0363,23.0471,58.21,74,100,4.81,overcast clouds
497,Xapuri,BR,-10.6517,-68.5044,77.25,75,100,2.57,overcast clouds
498,Ndola,ZM,-12.9587,28.6366,62.56,97,100,4.54,overcast clouds
499,Andrelandia,BR,-21.7397,-44.3092,57.51,91,88,6.51,overcast clouds
500,Bandarbeyla,SO,9.4942,50.8122,82.53,76,71,5.59,broken clouds
501,Klaksvik,FO,62.2266,-6.589,49.12,98,100,13.69,overcast clouds
502,Hastings,GB,50.8552,0.5729,54.52,81,15,9.82,few clouds
503,Cuamba,MZ,-14.8031,36.5372,71.78,83,79,2.84,broken clouds
504,Palmer,US,42.1584,-72.3287,65.8,16,20,9.22,few clouds
505,Eureka,US,40.8021,-124.1637,52.2,60,100,3.0,overcast clouds
506,Motihari,IN,26.65,84.9167,79.57,13,4,4.88,clear sky
507,Qaqortoq,GL,60.7167,-46.0333,25.0,76,28,4.59,scattered clouds
508,Hakone,JP,35.1833,139.0333,39.24,91,100,6.29,light rain
509,Vitim,RU,59.4511,112.5578,15.96,93,88,1.16,overcast clouds
510,Ercis,TR,39.0287,43.3586,38.28,52,89,5.17,overcast clouds
511,Ust-Tsilma,RU,65.441,52.1498,23.18,94,100,7.09,overcast clouds
512,Tucupita,VE,9.0622,-62.051,74.73,90,72,5.1,broken clouds
513,Kapuskasing,CA,49.4169,-82.4331,37.49,51,100,19.57,overcast clouds
514,Laredo,US,27.5064,-99.5075,89.89,55,40,12.66,scattered clouds
515,Coldwater,US,41.9403,-85.0005,50.07,81,100,14.97,light rain
516,Rongcheng,CN,30.634,117.8517,52.16,71,100,5.55,overcast clouds
517,Hambantota,LK,6.1241,81.1185,80.49,82,17,7.58,few clouds
518,Petrivka,UA,46.9695,30.9591,48.76,73,26,10.22,scattered clouds
519,Bambanglipuro,ID,-7.95,110.2833,75.92,90,100,3.31,overcast clouds
520,Markala,ML,13.7021,-6.0659,89.37,31,69,10.8,broken clouds
521,Roseto Degli Abruzzi,IT,42.6664,14.0227,54.09,94,8,4.07,clear sky
522,Abhayapuri,IN,26.3333,90.6667,76.53,78,91,0.94,overcast clouds
523,Whitianga,NZ,-36.8333,175.7,67.51,67,100,4.09,overcast clouds
524,Sinaloa,MX,25.0,-107.5,91.11,26,87,10.0,overcast clouds
525,Amahai,ID,-3.3333,128.9167,80.83,72,97,4.14,overcast clouds
526,Palana,RU,59.1167,159.9667,23.38,87,98,13.58,light snow
527,Kollam,IN,8.8833,76.6,81.19,81,90,2.57,overcast clouds
528,Altamira,BR,-3.2033,-52.2064,73.83,97,66,3.31,broken clouds
529,Damara,CF,4.9608,18.7035,72.81,79,29,4.5,scattered clouds
530,Hualmay,PE,-11.0964,-77.6139,68.13,81,28,13.13,scattered clouds
531,Linguere,SN,15.3953,-15.1193,89.82,45,0,6.91,clear sky
532,Atyrau,KZ,47.1167,51.8833,46.42,93,15,6.71,mist
533,Roald,NO,62.5833,6.1333,47.75,100,86,6.91,overcast clouds
534,Longjiang,CN,47.3303,123.1836,46.87,34,27,15.46,scattered clouds
535,Kotar,IN,24.7167,80.9833,84.2,16,13,3.67,few clouds
536,Ilhabela,BR,-23.7781,-45.3581,67.68,70,21,7.29,few clouds
537,Kahului,US,20.8947,-156.47,82.42,67,40,28.77,scattered clouds
538,Birao,CF,10.2849,22.7882,82.13,13,66,6.15,broken clouds
539,Kandi,BJ,11.1342,2.9386,80.49,61,100,9.69,overcast clouds
540,Daru,PG,-9.0763,143.2092,75.4,96,100,8.05,very heavy rain
541,Khasan,RU,42.4308,130.6434,46.45,47,1,4.29,clear sky
542,Dunedin,NZ,-45.8742,170.5036,53.8,77,84,15.99,broken clouds
543,Muravlenko,RU,63.7898,74.523,32.7,99,100,6.64,light snow
544,Maragogi,BR,-9.0122,-35.2225,79.97,81,22,10.6,few clouds
545,Vostochnyy,RU,55.8167,37.8667,43.07,97,100,2.62,light rain
546,Talaya,RU,61.3833,152.75,4.48,90,100,2.71,overcast clouds
547,Wlodawa,PL,51.55,23.55,46.94,93,93,9.86,overcast clouds
548,Pathein,MM,16.7833,94.7333,79.0,84,3,6.26,clear sky
549,Palu,ID,-0.8917,119.8707,78.44,87,100,3.15,overcast clouds
550,Huarmey,PE,-10.0681,-78.1522,69.08,79,20,12.19,few clouds
551,Sokolo,ML,14.7328,-6.1219,90.7,23,97,5.99,overcast clouds
552,Kudinovo,RU,54.9994,36.2533,41.22,97,100,6.4,light rain
553,Syracuse,IT,37.0881,15.2792,60.17,78,99,19.98,overcast clouds
554,Gorbatov,RU,56.1331,43.0583,29.21,75,93,5.5,overcast clouds
555,Hurricane,US,37.1753,-113.2899,77.34,19,92,9.51,overcast clouds
556,Imbituba,BR,-28.24,-48.6703,65.82,80,17,11.14,few clouds
557,Muskogee,US,35.5834,-95.3336,77.07,60,100,12.66,overcast clouds
558,Kenai,US,60.5544,-151.2583,45.03,50,100,3.44,overcast clouds
559,Misratah,LY,32.3754,15.0925,63.7,80,0,8.97,clear sky
560,Agadez,NE,19.75,10.25,84.33,9,15,11.5,few clouds
561,Shar,KZ,49.5886,81.0453,40.66,47,0,7.58,clear sky
562,Chegdomyn,RU,51.1167,133.0167,35.49,85,100,3.94,overcast clouds
563,Along,IN,28.1667,94.7667,64.0,97,91,1.66,light rain
564,Niono,ML,14.2526,-5.993,85.89,31,90,8.7,overcast clouds
565,Dong Hoi,VN,17.4833,106.6,76.03,96,74,4.14,broken clouds
566,Touros,BR,-5.1989,-35.4608,80.22,81,33,9.91,scattered clouds
567,Yokadouma,CM,3.5167,15.05,69.71,95,35,1.3,scattered clouds
568,Igrim,RU,63.1906,64.4162,27.75,95,100,12.39,light snow
569,Faya,SA,18.3851,42.4509,66.31,40,88,4.85,overcast clouds
570,Shiyan,CN,32.6475,110.7781,46.56,89,100,1.66,light rain
571,San Carlos,VE,9.6612,-68.5827,85.95,48,82,3.27,broken clouds
572,Francisco Sa,BR,-16.4758,-43.4883,73.54,63,41,5.41,scattered clouds
573,Te Anau,NZ,-45.4167,167.7167,53.98,56,49,8.12,scattered clouds
574,Leshukonskoye,RU,64.8989,45.7622,13.26,97,38,2.91,scattered clouds
575,Tottori,JP,35.5,134.2333,51.87,62,75,20.71,broken clouds
576,Oda,JP,35.1833,132.5,50.77,65,51,16.71,broken clouds
577,Urumqi,CN,43.801,87.6005,36.55,22,0,4.47,clear sky
578,Bayan,CN,46.0833,127.4,47.25,39,4,14.7,clear sky
579,Opuwo,NA,-18.0607,13.84,68.59,49,49,4.41,scattered clouds
580,Henties Bay,NA,-22.116,14.2845,59.16,85,0,9.42,clear sky
581,Peno,RU,56.9262,32.7426,32.29,90,99,10.29,overcast clouds
582,Whitehorse,CA,60.7161,-135.0538,44.1,19,40,3.44,scattered clouds
583,Pemangkat,ID,1.1667,108.9667,77.27,89,86,4.92,overcast clouds
584,Goderich,CA,43.7501,-81.7165,47.91,70,100,14.97,overcast clouds
585,Pisco,PE,-13.7,-76.2167,68.05,77,0,23.02,clear sky
586,Strezhevoy,RU,60.7333,77.5889,39.42,88,100,9.53,overcast clouds
587,Baghdad,IQ,33.3406,44.4009,62.51,27,0,4.61,clear sky
588,Didsbury,GB,53.417,-2.2315,56.03,81,74,3.56,broken clouds
589,Birjand,IR,32.8663,59.2211,68.47,30,75,18.41,broken clouds
590,Cabedelo,BR,-6.9811,-34.8339,83.07,81,7,10.27,clear sky
591,Mamakan,RU,57.8161,114.0028,22.46,90,93,1.52,overcast clouds
592,Kimbe,PG,-5.5502,150.1429,83.91,73,67,0.72,broken clouds
593,Noumea,NC,-22.2763,166.4572,78.01,99,56,10.18,broken clouds
594,Tra Vinh,VN,9.9347,106.3453,78.98,88,59,3.98,broken clouds
595,Orodara,BF,10.9492,-4.9342,84.58,42,83,5.75,broken clouds
596,Ternate,ID,0.8,127.4,81.45,79,100,4.83,overcast clouds
597,Glenwood Springs,US,39.5505,-107.3248,61.61,38,75,14.97,broken clouds
598,Udachnyy,RU,66.4167,112.4,-1.32,100,100,5.41,overcast clouds
599,Dali,CN,25.7,100.1833,52.48,84,2,4.34,clear sky
600,Lata,PT,40.1629,-8.3327,60.93,87,100,1.23,overcast clouds
601,Edeia,BR,-17.3383,-49.9314,75.99,63,87,4.65,overcast clouds
602,Tiznit,MA,29.5833,-9.5,71.58,35,1,3.36,clear sky
603,Ossora,RU,59.2353,163.0719,27.14,71,49,4.34,scattered clouds
604,Fort Morgan,US,40.2503,-103.8,54.25,24,0,16.11,clear sky
605,Great Yarmouth,GB,52.6083,1.7305,46.42,92,44,9.53,scattered clouds
606,Donskoye,RU,45.4552,41.9741,44.37,89,92,5.06,overcast clouds
607,Chitral,PK,35.8462,71.7858,56.52,43,0,6.22,clear sky
608,Wum,CM,6.3833,10.0667,69.64,84,87,1.7,light rain
609,Sarmizegetusa,RO,45.5167,22.7833,50.2,70,99,5.06,overcast clouds
610,Nanchong,CN,30.7951,106.0847,48.43,92,100,10.31,overcast clouds
611,Kloulklubed,PW,7.0419,134.2556,82.33,77,72,6.82,broken clouds
612,Tintigny,BE,49.6833,5.5135,50.11,81,92,8.61,overcast clouds
613,Juegang,CN,32.3174,121.1855,53.91,64,94,8.41,overcast clouds
614,Loandjili,CG,-4.7561,11.8578,76.87,89,100,2.62,overcast clouds
615,Owando,CG,-0.4819,15.8999,70.39,96,56,1.7,broken clouds
616,Samarai,PG,-10.6167,150.6667,83.44,71,98,8.1,overcast clouds
617,Tres Lagoas,BR,-20.7511,-51.6783,67.86,70,0,7.61,clear sky
618,Tilichiki,RU,60.4667,166.1,24.6,83,85,6.06,overcast clouds
619,Turukhansk,RU,65.8167,87.9833,32.59,100,100,4.72,light snow
620,Rehoboth,NA,-23.3167,17.0833,61.25,52,23,2.53,few clouds
621,Xiongzhou,CN,25.1167,114.3,58.01,89,100,5.01,overcast clouds
622,Inirida,CO,3.8653,-67.9239,76.12,93,86,0.94,overcast clouds
623,Kampong Thum,KH,12.7111,104.8887,77.97,84,72,5.26,broken clouds
624,Santa Cruz,BO,-17.8,-63.1667,77.05,44,40,3.44,scattered clouds
625,Gat,IL,31.61,34.7642,65.39,65,91,1.74,overcast clouds
626,Nizwa,OM,22.9333,57.5333,80.85,24,75,0.6,broken clouds
627,Terrace,CA,54.5163,-128.6035,49.91,20,75,0.0,broken clouds
628,Krutikha,RU,53.9599,81.2093,43.95,64,5,5.39,clear sky
629,Le Vauclin,MQ,14.5452,-60.8388,80.65,74,75,14.97,broken clouds
630,Alyangula,AU,-13.8483,136.4192,76.87,100,40,3.44,scattered clouds
631,Tucurui,BR,-3.7661,-49.6725,75.27,95,87,3.94,overcast clouds
632,Nanakuli,US,21.3906,-158.1547,81.77,50,75,12.66,broken clouds
633,Melendugno,IT,40.2747,18.3368,53.69,94,40,2.3,scattered clouds
634,Wuwei,CN,37.9281,102.6414,43.97,66,65,4.61,broken clouds
635,Katima Mulilo,NA,-17.5,24.2667,68.07,76,44,2.26,scattered clouds
636,Borogontsy,RU,62.6683,131.1683,20.44,87,79,2.3,broken clouds
637,America Dourada,BR,-11.4553,-41.4361,78.17,64,97,4.65,overcast clouds
638,Antsohihy,MG,-14.8796,47.9875,78.1,71,2,9.51,clear sky
639,Vestmannaeyjar,IS,63.4427,-20.2734,47.44,84,85,34.38,overcast clouds
640,Talcahuano,CL,-36.7167,-73.1167,56.88,72,100,3.44,overcast clouds
641,Mengen,DE,48.0495,9.3301,52.3,95,34,7.67,scattered clouds
642,Dongsheng,CN,39.8161,109.9776,39.4,60,43,4.81,scattered clouds
643,Shizunai,JP,42.3339,142.3669,40.6,76,100,1.52,overcast clouds
644,Obo,CF,5.3998,26.4869,70.11,88,100,3.87,overcast clouds
645,Ponta Delgada,PT,37.7333,-25.6667,63.32,88,75,9.22,broken clouds
646,San Pedro,PH,14.35,121.0167,80.26,81,20,5.75,few clouds
647,Bontang,ID,0.1333,117.5,78.19,89,100,3.85,overcast clouds
648,Rehlingen-Siersburg,DE,49.3667,6.6833,52.36,72,84,7.9,broken clouds
649,Odweyne,SO,9.4092,45.064,77.38,51,89,11.45,overcast clouds
650,Teguise,ES,29.0605,-13.564,66.42,56,0,23.02,clear sky
651,Suntar,RU,62.1444,117.6319,19.22,87,100,5.75,overcast clouds
652,Lefka,CY,35.1106,32.8506,58.06,45,9,0.94,clear sky
653,Wolfsberg,AT,46.8406,14.8442,51.82,90,19,3.47,few clouds
654,Bad Liebenwerda,DE,51.5167,13.4,45.28,83,91,10.89,overcast clouds
655,Horadiz,AZ,39.4488,47.3353,47.34,56,4,5.06,clear sky
656,Changji,CN,44.0167,87.3167,39.99,22,0,4.47,clear sky
657,Sarmanovo,RU,55.2553,52.5891,32.68,89,100,15.17,overcast clouds
658,Hamilton,US,39.1834,-84.5333,68.63,51,100,10.2,overcast clouds
659,Barcelos,PT,41.5388,-8.6151,61.92,88,47,2.62,scattered clouds
660,Toktogul,KG,41.8708,72.9402,58.75,58,3,3.0,clear sky
661,Manzhouli,CN,49.6,117.4333,36.05,64,88,5.99,overcast clouds
662,Morondava,MG,-20.2833,44.2833,79.74,73,1,7.7,clear sky
663,Camacha,PT,33.0833,-16.3333,58.42,88,40,11.5,scattered clouds
664,Kargasok,RU,59.0556,80.8572,39.29,84,95,9.24,overcast clouds
665,Mnogovershinnyy,RU,53.9353,139.9242,30.96,84,100,3.2,overcast clouds
666,Brae,GB,60.3964,-1.353,45.43,89,67,20.31,broken clouds
667,Meadow Lake,US,34.8014,-106.5436,78.85,3,25,21.68,scattered clouds
668,Doha,QA,25.2867,51.5333,85.98,27,0,6.91,clear sky
669,Zelenoborskiy,RU,66.845,32.3622,12.38,97,28,3.83,scattered clouds
670,Filadelfia,US,39.9523,-75.1638,67.86,26,0,11.99,clear sky
671,Umm Kaddadah,SD,13.6017,26.6876,78.94,9,96,12.91,overcast clouds
672,Gizo,SB,-8.103,156.8419,83.16,74,100,6.93,overcast clouds
673,Liverpool,GB,53.4106,-2.9779,53.62,86,0,2.3,clear sky
674,Kapit,MY,2.0167,112.9333,73.35,100,95,0.78,overcast clouds
675,Cape Girardeau,US,37.3834,-89.7168,54.81,78,100,8.97,overcast clouds
676,Povenets,RU,62.8487,34.8262,23.86,94,32,6.98,scattered clouds
677,Sigli,ID,5.3848,95.9609,78.96,83,100,4.05,overcast clouds
678,Colesberg,ZA,-30.72,25.0972,47.97,80,98,22.91,overcast clouds
679,Kochevo,RU,59.5994,54.3125,26.56,93,99,9.04,overcast clouds
680,Toguchin,RU,55.2353,84.3858,41.25,63,60,4.85,broken clouds
681,Kralendijk,BQ,12.15,-68.2667,78.66,87,6,23.47,clear sky
